,Survived,Age,Fare,Pclass_1,Pclass_2,Pclass_3,Embarked_C,Embarked_Q,Embarked_S,Sex_female,Sex_male,Parch_0,Parch_1,Parch_2,Parch_3,Parch_4,Parch_5,Parch_6,SibSp_0,SibSp_1,SibSp_2,SibSp_3,SibSp_4,SibSp_5,SibSp_8
0,0,22.0,7.25,0,0,1,0,0,1,0,1,1,0,0,0,0,0,0,0,1,0,0,0,0,0
1,1,38.0,71.2833,1,0,0,1,0,0,1,0,1,0,0,0,0,0,0,0,1,0,0,0,0,0
2,1,26.0,7.925,0,0,1,0,0,1,1,0,1,0,0,0,0,0,0,1,0,0,0,0,0,0
3,1,35.0,53.1,1,0,0,0,0,1,1,0,1,0,0,0,0,0,0,0,1,0,0,0,0,0
4,0,35.0,8.05,0,0,1,0,0,1,0,1,1,0,0,0,0,0,0,1,0,0,0,0,0,0
6,0,54.0,51.8625,1,0,0,0,0,1,0,1,1,0,0,0,0,0,0,1,0,0,0,0,0,0
7,0,2.0,21.075,0,0,1,0,0,1,0,1,0,1,0,0,0,0,0,0,0,0,1,0,0,0
8,1,27.0,11.1333,0,0,1,0,0,1,1,0,0,0,1,0,0,0,0,1,0,0,0,0,0,0
9,1,14.0,30.0708,0,1,0,1,0,0,1,0,1,0,0,0,0,0,0,0,1,0,0,0,0,0
10,1,4.0,16.7,0,0,1,0,0,1,1,0,0,1,0,0,0,0,0,0,1,0,0,0,0,0
11,1,58.0,26.55,1,0,0,0,0,1,1,0,1,0,0,0,0,0,0,1,0,0,0,0,0,0
12,0,20.0,8.05,0,0,1,0,0,1,0,1,1,0,0,0,0,0,0,1,0,0,0,0,0,0
13,0,39.0,31.275,0,0,1,0,0,1,0,1,0,0,0,0,0,1,0,0,1,0,0,0,0,0
14,0,14.0,7.8542,0,0,1,0,0,1,1,0,1,0,0,0,0,0,0,1,0,0,0,0,0,0
15,1,55.0,16.0,0,1,0,0,0,1,1,0,1,0,0,0,0,0,0,1,0,0,0,0,0,0
16,0,2.0,29.125,0,0,1,0,1,0,0,1,0,1,0,0,0,0,0,0,0,0,0,1,0,0
18,0,31.0,18.0,0,0,1,0,0,1,1,0,1,0,0,0,0,0,0,0,1,0,0,0,0,0
20,0,35.0,26.0,0,1,0,0,0,1,0,1,1,0,0,0,0,0,0,1,0,0,0,0,0,0
21,1,34.0,13.0,0,1,0,0,0,1,0,1,1,0,0,0,0,0,0,1,0,0,0,0,0,0
22,1,15.0,8.0292,0,0,1,0,1,0,1,0,1,0,0,0,0,0,0,1,0,0,0,0,0,0
23,1,28.0,35.5,1,0,0,0,0,1,0,1,1,0,0,0,0,0,0,1,0,0,0,0,0,0
24,0,8.0,21.075,0,0,1,0,0,1,1,0,0,1,0,0,0,0,0,0,0,0,1,0,0,0
25,1,38.0,31.3875,0,0,1,0,0,1,1,0,0,0,0,0,0,1,0,0,1,0,0,0,0,0
27,0,19.0,263.0,1,0,0,0,0,1,0,1,0,0,1,0,0,0,0,0,0,0,1,0,0,0
30,0,40.0,27.7208,1,0,0,1,0,0,0,1,1,0,0,0,0,0,0,1,0,0,0,0,0,0
33,0,66.0,10.5,0,1,0,0,0,1,0,1,1,0,0,0,0,0,0,1,0,0,0,0,0,0
34,0,28.0,82.1708,1,0,0,1,0,0,0,1,1,0,0,0,0,0,0,0,1,0,0,0,0,0
35,0,42.0,52.0,1,0,0,0,0,1,0,1,1,0,0,0,0,0,0,0,1,0,0,0,0,0
37,0,21.0,8.05,0,0,1,0,0,1,0,1,1,0,0,0,0,0,0,1,0,0,0,0,0,0
38,0,18.0,18.0,0,0,1,0,0,1,1,0,1,0,0,0,0,0,0,0,0,1,0,0,0,0
39,1,14.0,11.2417,0,0,1,1,0,0,1,0,1,0,0,0,0,0,0,0,1,0,0,0,0,0
40,0,40.0,9.475,0,0,1,0,0,1,1,0,1,0,0,0,0,0,0,0,1,0,0,0,0,0
41,0,27.0,21.0,0,1,0,0,0,1,1,0,1,0,0,0,0,0,0,0,1,0,0,0,0,0
43,1,3.0,41.5792,0,1,0,1,0,0,1,0,0,0,1,0,0,0,0,0,1,0,0,0,0,0
44,1,19.0,7.8792,0,0,1,0,1,0,1,0,1,0,0,0,0,0,0,1,0,0,0,0,0,0
49,0,18.0,17.8,0,0,1,0,0,1,1,0,1,0,0,0,0,0,0,0,1,0,0,0,0,0
50,0,7.0,39.6875,0,0,1,0,0,1,0,1,0,1,0,0,0,0,0,0,0,0,0,1,0,0
51,0,21.0,7.8,0,0,1,0,0,1,0,1,1,0,0,0,0,0,0,1,0,0,0,0,0,0
52,1,49.0,76.7292,1,0,0,1,0,0,1,0,1,0,0,0,0,0,0,0,1,0,0,0,0,0
53,1,29.0,26.0,0,1,0,0,0,1,1,0,1,0,0,0,0,0,0,0,1,0,0,0,0,0
54,0,65.0,61.9792,1,0,0,1,0,0,0,1,0,1,0,0,0,0,0,1,0,0,0,0,0,0
56,1,21.0,10.5,0,1,0,0,0,1,1,0,1,0,0,0,0,0,0,1,0,0,0,0,0,0
57,0,28.5,7.2292,0,0,1,1,0,0,0,1,1,0,0,0,0,0,0,1,0,0,0,0,0,0
58,1,5.0,27.75,0,1,0,0,0,1,1,0,0,0,1,0,0,0,0,0,1,0,0,0,0,0
59,0,11.0,46.9,0,0,1,0,0,1,0,1,0,0,1,0,0,0,0,0,0,0,0,0,1,0
60,0,22.0,7.2292,0,0,1,1,0,0,0,1,1,0,0,0,0,0,0,1,0,0,0,0,0,0
61,1,38.0,80.0,1,0,0,0,0,0,1,0,1,0,0,0,0,0,0,1,0,0,0,0,0,0
62,0,45.0,83.475,1,0,0,0,0,1,0,1,1,0,0,0,0,0,0,0,1,0,0,0,0,0
63,0,4.0,27.9,0,0,1,0,0,1,0,1,0,0,1,0,0,0,0,0,0,0,1,0,0,0
66,1,29.0,10.5,0,1,0,0,0,1,1,0,1,0,0,0,0,0,0,1,0,0,0,0,0,0
67,0,19.0,8.1583,0,0,1,0,0,1,0,1,1,0,0,0,0,0,0,1,0,0,0,0,0,0
68,1,17.0,7.925,0,0,1,0,0,1,1,0,0,0,1,0,0,0,0,0,0,0,0,1,0,0
69,0,26.0,8.6625,0,0,1,0,0,1,0,1,1,0,0,0,0,0,0,0,0,1,0,0,0,0
70,0,32.0,10.5,0,1,0,0,0,1,0,1,1,0,0,0,0,0,0,1,0,0,0,0,0,0
71,0,16.0,46.9,0,0,1,0,0,1,1,0,0,0,1,0,0,0,0,0,0,0,0,0,1,0
72,0,21.0,73.5,0,1,0,0,0,1,0,1,1,0,0,0,0,0,0,1,0,0,0,0,0,0
73,0,26.0,14.4542,0,0,1,1,0,0,0,1,1,0,0,0,0,0,0,0,1,0,0,0,0,0
74,1,32.0,56.4958,0,0,1,0,0,1,0,1,1,0,0,0,0,0,0,1,0,0,0,0,0,0
75,0,25.0,7.65,0,0,1,0,0,1,0,1,1,0,0,0,0,0,0,1,0,0,0,0,0,0
78,1,0.83,29.0,0,1,0,0,0,1,0,1,0,0,1,0,0,0,0,1,0,0,0,0,0,0
79,1,30.0,12.475,0,0,1,0,0,1,1,0,1,0,0,0,0,0,0,1,0,0,0,0,0,0
80,0,22.0,9.0,0,0,1,0,0,1,0,1,1,0,0,0,0,0,0,1,0,0,0,0,0,0
81,1,29.0,9.5,0,0,1,0,0,1,0,1,1,0,0,0,0,0,0,1,0,0,0,0,0,0
83,0,28.0,47.1,1,0,0,0,0,1,0,1,1,0,0,0,0,0,0,1,0,0,0,0,0,0
84,1,17.0,10.5,0,1,0,0,0,1,1,0,1,0,0,0,0,0,0,1,0,0,0,0,0,0
85,1,33.0,15.85,0,0,1,0,0,1,1,0,1,0,0,0,0,0,0,0,0,0,1,0,0,0
86,0,16.0,34.375,0,0,1,0,0,1,0,1,0,0,0,1,0,0,0,0,1,0,0,0,0,0
88,1,23.0,263.0,1,0,0,0,0,1,1,0,0,0,1,0,0,0,0,0,0,0,1,0,0,0
89,0,24.0,8.05,0,0,1,0,0,1,0,1,1,0,0,0,0,0,0,1,0,0,0,0,0,0
90,0,29.0,8.05,0,0,1,0,0,1,0,1,1,0,0,0,0,0,0,1,0,0,0,0,0,0
91,0,20.0,7.8542,0,0,1,0,0,1,0,1,1,0,0,0,0,0,0,1,0,0,0,0,0,0
92,0,46.0,61.175,1,0,0,0,0,1,0,1,1,0,0,0,0,0,0,0,1,0,0,0,0,0
93,0,26.0,20.575,0,0,1,0,0,1,0,1,0,0,1,0,0,0,0,0,1,0,0,0,0,0
94,0,59.0,7.25,0,0,1,0,0,1,0,1,1,0,0,0,0,0,0,1,0,0,0,0,0,0
96,0,71.0,34.6542,1,0,0,1,0,0,0,1,1,0,0,0,0,0,0,1,0,0,0,0,0,0
97,1,23.0,63.3583,1,0,0,1,0,0,0,1,0,1,0,0,0,0,0,1,0,0,0,0,0,0
98,1,34.0,23.0,0,1,0,0,0,1,1,0,0,1,0,0,0,0,0,1,0,0,0,0,0,0
99,0,34.0,26.0,0,1,0,0,0,1,0,1,1,0,0,0,0,0,0,0,1,0,0,0,0,0
100,0,28.0,7.8958,0,0,1,0,0,1,1,0,1,0,0,0,0,0,0,1,0,0,0,0,0,0
102,0,21.0,77.2875,1,0,0,0,0,1,0,1,0,1,0,0,0,0,0,1,0,0,0,0,0,0
103,0,33.0,8.6542,0,0,1,0,0,1,0,1,1,0,0,0,0,0,0,1,0,0,0,0,0,0
104,0,37.0,7.925,0,0,1,0,0,1,0,1,1,0,0,0,0,0,0,0,0,1,0,0,0,0
105,0,28.0,7.8958,0,0,1,0,0,1,0,1,1,0,0,0,0,0,0,1,0,0,0,0,0,0
106,1,21.0,7.65,0,0,1,0,0,1,1,0,1,0,0,0,0,0,0,1,0,0,0,0,0,0
108,0,38.0,7.8958,0,0,1,0,0,1,0,1,1,0,0,0,0,0,0,1,0,0,0,0,0,0
110,0,47.0,52.0,1,0,0,0,0,1,0,1,1,0,0,0,0,0,0,1,0,0,0,0,0,0
111,0,14.5,14.4542,0,0,1,1,0,0,1,0,1,0,0,0,0,0,0,0,1,0,0,0,0,0
112,0,22.0,8.05,0,0,1,0,0,1,0,1,1,0,0,0,0,0,0,1,0,0,0,0,0,0
113,0,20.0,9.825,0,0,1,0,0,1,1,0,1,0,0,0,0,0,0,0,1,0,0,0,0,0
114,0,17.0,14.4583,0,0,1,1,0,0,1,0,1,0,0,0,0,0,0,1,0,0,0,0,0,0
115,0,21.0,7.925,0,0,1,0,0,1,0,1,1,0,0,0,0,0,0,1,0,0,0,0,0,0
116,0,70.5,7.75,0,0,1,0,1,0,0,1,1,0,0,0,0,0,0,1,0,0,0,0,0,0
117,0,29.0,21.0,0,1,0,0,0,1,0,1,1,0,0,0,0,0,0,0,1,0,0,0,0,0
118,0,24.0,247.5208,1,0,0,1,0,0,0,1,0,1,0,0,0,0,0,1,0,0,0,0,0,0
119,0,2.0,31.275,0,0,1,0,0,1,1,0,0,0,1,0,0,0,0,0,0,0,0,1,0,0
120,0,21.0,73.5,0,1,0,0,0,1,0,1,1,0,0,0,0,0,0,0,0,1,0,0,0,0
122,0,32.5,30.0708,0,1,0,1,0,0,0,1,1,0,0,0,0,0,0,0,1,0,0,0,0,0
123,1,32.5,13.0,0,1,0,0,0,1,1,0,1,0,0,0,0,0,0,1,0,0,0,0,0,0
124,0,54.0,77.2875,1,0,0,0,0,1,0,1,0,1,0,0,0,0,0,1,0,0,0,0,0,0
125,1,12.0,11.2417,0,0,1,1,0,0,0,1,1,0,0,0,0,0,0,0,1,0,0,0,0,0
127,1,24.0,7.1417,0,0,1,0,0,1,0,1,1,0,0,0,0,0,0,1,0,0,0,0,0,0
129,0,45.0,6.975,0,0,1,0,0,1,0,1,1,0,0,0,0,0,0,1,0,0,0,0,0,0
130,0,33.0,7.8958,0,0,1,1,0,0,0,1,1,0,0,0,0,0,0,1,0,0,0,0,0,0
131,0,20.0,7.05,0,0,1,0,0,1,0,1,1,0,0,0,0,0,0,1,0,0,0,0,0,0
132,0,47.0,14.5,0,0,1,0,0,1,1,0,1,0,0,0,0,0,0,0,1,0,0,0,0,0
133,1,29.0,26.0,0,1,0,0,0,1,1,0,1,0,0,0,0,0,0,0,1,0,0,0,0,0
134,0,25.0,13.0,0,1,0,0,0,1,0,1,1,0,0,0,0,0,0,1,0,0,0,0,0,0
135,0,23.0,15.0458,0,1,0,1,0,0,0,1,1,0,0,0,0,0,0,1,0,0,0,0,0,0
136,1,19.0,26.2833,1,0,0,0,0,1,1,0,0,0,1,0,0,0,0,1,0,0,0,0,0,0
137,0,37.0,53.1,1,0,0,0,0,1,0,1,1,0,0,0,0,0,0,0,1,0,0,0,0,0
138,0,16.0,9.2167,0,0,1,0,0,1,0,1,1,0,0,0,0,0,0,1,0,0,0,0,0,0
139,0,24.0,79.2,1,0,0,1,0,0,0,1,1,0,0,0,0,0,0,1,0,0,0,0,0,0
141,1,22.0,7.75,0,0,1,0,0,1,1,0,1,0,0,0,0,0,0,1,0,0,0,0,0,0
142,1,24.0,15.85,0,0,1,0,0,1,1,0,1,0,0,0,0,0,0,0,1,0,0,0,0,0
143,0,19.0,6.75,0,0,1,0,1,0,0,1,1,0,0,0,0,0,0,1,0,0,0,0,0,0
144,0,18.0,11.5,0,1,0,0,0,1,0,1,1,0,0,0,0,0,0,1,0,0,0,0,0,0
145,0,19.0,36.75,0,1,0,0,0,1,0,1,0,1,0,0,0,0,0,0,1,0,0,0,0,0
146,1,27.0,7.7958,0,0,1,0,0,1,0,1,1,0,0,0,0,0,0,1,0,0,0,0,0,0
147,0,9.0,34.375,0,0,1,0,0,1,1,0,0,0,1,0,0,0,0,0,0,1,0,0,0,0
148,0,36.5,26.0,0,1,0,0,0,1,0,1,0,0,1,0,0,0,0,1,0,0,0,0,0,0
149,0,42.0,13.0,0,1,0,0,0,1,0,1,1,0,0,0,0,0,0,1,0,0,0,0,0,0
150,0,51.0,12.525,0,1,0,0,0,1,0,1,1,0,0,0,0,0,0,1,0,0,0,0,0,0
151,1,22.0,66.6,1,0,0,0,0,1,1,0,1,0,0,0,0,0,0,0,1,0,0,0,0,0
152,0,55.5,8.05,0,0,1,0,0,1,0,1,1,0,0,0,0,0,0,1,0,0,0,0,0,0
153,0,40.5,14.5,0,0,1,0,0,1,0,1,0,0,1,0,0,0,0,1,0,0,0,0,0,0
155,0,51.0,61.3792,1,0,0,1,0,0,0,1,0,1,0,0,0,0,0,1,0,0,0,0,0,0
156,1,16.0,7.7333,0,0,1,0,1,0,1,0,1,0,0,0,0,0,0,1,0,0,0,0,0,0
157,0,30.0,8.05,0,0,1,0,0,1,0,1,1,0,0,0,0,0,0,1,0,0,0,0,0,0
160,0,44.0,16.1,0,0,1,0,0,1,0,1,0,1,0,0,0,0,0,1,0,0,0,0,0,0
161,1,40.0,15.75,0,1,0,0,0,1,1,0,1,0,0,0,0,0,0,1,0,0,0,0,0,0
162,0,26.0,7.775,0,0,1,0,0,1,0,1,1,0,0,0,0,0,0,1,0,0,0,0,0,0
163,0,17.0,8.6625,0,0,1,0,0,1,0,1,1,0,0,0,0,0,0,1,0,0,0,0,0,0
164,0,1.0,39.6875,0,0,1,0,0,1,0,1,0,1,0,0,0,0,0,0,0,0,0,1,0,0
165,1,9.0,20.525,0,0,1,0,0,1,0,1,0,0,1,0,0,0,0,1,0,0,0,0,0,0
167,0,45.0,27.9,0,0,1,0,0,1,1,0,0,0,0,0,1,0,0,0,1,0,0,0,0,0
169,0,28.0,56.4958,0,0,1,0,0,1,0,1,1,0,0,0,0,0,0,1,0,0,0,0,0,0
170,0,61.0,33.5,1,0,0,0,0,1,0,1,1,0,0,0,0,0,0,1,0,0,0,0,0,0
171,0,4.0,29.125,0,0,1,0,1,0,0,1,0,1,0,0,0,0,0,0,0,0,0,1,0,0
172,1,1.0,11.1333,0,0,1,0,0,1,1,0,0,1,0,0,0,0,0,0,1,0,0,0,0,0
173,0,21.0,7.925,0,0,1,0,0,1,0,1,1,0,0,0,0,0,0,1,0,0,0,0,0,0
174,0,56.0,30.6958,1,0,0,1,0,0,0,1,1,0,0,0,0,0,0,1,0,0,0,0,0,0
175,0,18.0,7.8542,0,0,1,0,0,1,0,1,0,1,0,0,0,0,0,0,1,0,0,0,0,0
177,0,50.0,28.7125,1,0,0,1,0,0,1,0,1,0,0,0,0,0,0,1,0,0,0,0,0,0
178,0,30.0,13.0,0,1,0,0,0,1,0,1,1,0,0,0,0,0,0,1,0,0,0,0,0,0
179,0,36.0,0.0,0,0,1,0,0,1,0,1,1,0,0,0,0,0,0,1,0,0,0,0,0,0
182,0,9.0,31.3875,0,0,1,0,0,1,0,1,0,0,1,0,0,0,0,0,0,0,0,1,0,0
183,1,1.0,39.0,0,1,0,0,0,1,0,1,0,1,0,0,0,0,0,0,0,1,0,0,0,0
184,1,4.0,22.025,0,0,1,0,0,1,1,0,0,0,1,0,0,0,0,1,0,0,0,0,0,0
187,1,45.0,26.55,1,0,0,0,0,1,0,1,1,0,0,0,0,0,0,1,0,0,0,0,0,0
188,0,40.0,15.5,0,0,1,0,1,0,0,1,0,1,0,0,0,0,0,0,1,0,0,0,0,0
189,0,36.0,7.8958,0,0,1,0,0,1,0,1,1,0,0,0,0,0,0,1,0,0,0,0,0,0
190,1,32.0,13.0,0,1,0,0,0,1,1,0,1,0,0,0,0,0,0,1,0,0,0,0,0,0
191,0,19.0,13.0,0,1,0,0,0,1,0,1,1,0,0,0,0,0,0,1,0,0,0,0,0,0
192,1,19.0,7.8542,0,0,1,0,0,1,1,0,1,0,0,0,0,0,0,0,1,0,0,0,0,0
193,1,3.0,26.0,0,1,0,0,0,1,0,1,0,1,0,0,0,0,0,0,1,0,0,0,0,0
194,1,44.0,27.7208,1,0,0,1,0,0,1,0,1,0,0,0,0,0,0,1,0,0,0,0,0,0
195,1,58.0,146.5208,1,0,0,1,0,0,1,0,1,0,0,0,0,0,0,1,0,0,0,0,0,0
197,0,42.0,8.4042,0,0,1,0,0,1,0,1,0,1,0,0,0,0,0,1,0,0,0,0,0,0
199,0,24.0,13.0,0,1,0,0,0,1,1,0,1,0,0,0,0,0,0,1,0,0,0,0,0,0
200,0,28.0,9.5,0,0,1,0,0,1,0,1,1,0,0,0,0,0,0,1,0,0,0,0,0,0
202,0,34.0,6.4958,0,0,1,0,0,1,0,1,1,0,0,0,0,0,0,1,0,0,0,0,0,0
203,0,45.5,7.225,0,0,1,1,0,0,0,1,1,0,0,0,0,0,0,1,0,0,0,0,0,0
204,1,18.0,8.05,0,0,1,0,0,1,0,1,1,0,0,0,0,0,0,1,0,0,0,0,0,0
205,0,2.0,10.4625,0,0,1,0,0,1,1,0,0,1,0,0,0,0,0,1,0,0,0,0,0,0
206,0,32.0,15.85,0,0,1,0,0,1,0,1,1,0,0,0,0,0,0,0,1,0,0,0,0,0
207,1,26.0,18.7875,0,0,1,1,0,0,0,1,1,0,0,0,0,0,0,1,0,0,0,0,0,0
208,1,16.0,7.75,0,0,1,0,1,0,1,0,1,0,0,0,0,0,0,1,0,0,0,0,0,0
209,1,40.0,31.0,1,0,0,1,0,0,0,1,1,0,0,0,0,0,0,1,0,0,0,0,0,0
210,0,24.0,7.05,0,0,1,0,0,1,0,1,1,0,0,0,0,0,0,1,0,0,0,0,0,0
211,1,35.0,21.0,0,1,0,0,0,1,1,0,1,0,0,0,0,0,0,1,0,0,0,0,0,0
212,0,22.0,7.25,0,0,1,0,0,1,0,1,1,0,0,0,0,0,0,1,0,0,0,0,0,0
213,0,30.0,13.0,0,1,0,0,0,1,0,1,1,0,0,0,0,0,0,1,0,0,0,0,0,0
215,1,31.0,113.275,1,0,0,1,0,0,1,0,1,0,0,0,0,0,0,0,1,0,0,0,0,0
216,1,27.0,7.925,0,0,1,0,0,1,1,0,1,0,0,0,0,0,0,1,0,0,0,0,0,0
217,0,42.0,27.0,0,1,0,0,0,1,0,1,1,0,0,0,0,0,0,0,1,0,0,0,0,0
218,1,32.0,76.2917,1,0,0,1,0,0,1,0,1,0,0,0,0,0,0,1,0,0,0,0,0,0
219,0,30.0,10.5,0,1,0,0,0,1,0,1,1,0,0,0,0,0,0,1,0,0,0,0,0,0
220,1,16.0,8.05,0,0,1,0,0,1,0,1,1,0,0,0,0,0,0,1,0,0,0,0,0,0
221,0,27.0,13.0,0,1,0,0,0,1,0,1,1,0,0,0,0,0,0,1,0,0,0,0,0,0
222,0,51.0,8.05,0,0,1,0,0,1,0,1,1,0,0,0,0,0,0,1,0,0,0,0,0,0
224,1,38.0,90.0,1,0,0,0,0,1,0,1,1,0,0,0,0,0,0,0,1,0,0,0,0,0
225,0,22.0,9.35,0,0,1,0,0,1,0,1,1,0,0,0,0,0,0,1,0,0,0,0,0,0
226,1,19.0,10.5,0,1,0,0,0,1,0,1,1,0,0,0,0,0,0,1,0,0,0,0,0,0
227,0,20.5,7.25,0,0,1,0,0,1,0,1,1,0,0,0,0,0,0,1,0,0,0,0,0,0
228,0,18.0,13.0,0,1,0,0,0,1,0,1,1,0,0,0,0,0,0,1,0,0,0,0,0,0
230,1,35.0,83.475,1,0,0,0,0,1,1,0,1,0,0,0,0,0,0,0,1,0,0,0,0,0
231,0,29.0,7.775,0,0,1,0,0,1,0,1,1,0,0,0,0,0,0,1,0,0,0,0,0,0
232,0,59.0,13.5,0,1,0,0,0,1,0,1,1,0,0,0,0,0,0,1,0,0,0,0,0,0
233,1,5.0,31.3875,0,0,1,0,0,1,1,0,0,0,1,0,0,0,0,0,0,0,0,1,0,0
234,0,24.0,10.5,0,1,0,0,0,1,0,1,1,0,0,0,0,0,0,1,0,0,0,0,0,0
236,0,44.0,26.0,0,1,0,0,0,1,0,1,1,0,0,0,0,0,0,0,1,0,0,0,0,0
237,1,8.0,26.25,0,1,0,0,0,1,1,0,0,0,1,0,0,0,0,1,0,0,0,0,0,0
238,0,19.0,10.5,0,1,0,0,0,1,0,1,1,0,0,0,0,0,0,1,0,0,0,0,0,0
239,0,33.0,12.275,0,1,0,0,0,1,0,1,1,0,0,0,0,0,0,1,0,0,0,0,0,0
242,0,29.0,10.5,0,1,0,0,0,1,0,1,1,0,0,0,0,0,0,1,0,0,0,0,0,0
243,0,22.0,7.125,0,0,1,0,0,1,0,1,1,0,0,0,0,0,0,1,0,0,0,0,0,0
244,0,30.0,7.225,0,0,1,1,0,0,0,1,1,0,0,0,0,0,0,1,0,0,0,0,0,0
245,0,44.0,90.0,1,0,0,0,1,0,0,1,1,0,0,0,0,0,0,0,0,1,0,0,0,0
246,0,25.0,7.775,0,0,1,0,0,1,1,0,1,0,0,0,0,0,0,1,0,0,0,0,0,0
247,1,24.0,14.5,0,1,0,0,0,1,1,0,0,0,1,0,0,0,0,1,0,0,0,0,0,0
248,1,37.0,52.5542,1,0,0,0,0,1,0,1,0,1,0,0,0,0,0,0,1,0,0,0,0,0
249,0,54.0,26.0,0,1,0,0,0,1,0,1,1,0,0,0,0,0,0,0,1,0,0,0,0,0
251,0,29.0,10.4625,0,0,1,0,0,1,1,0,0,1,0,0,0,0,0,0,1,0,0,0,0,0
252,0,62.0,26.55,1,0,0,0,0,1,0,1,1,0,0,0,0,0,0,1,0,0,0,0,0,0
253,0,30.0,16.1,0,0,1,0,0,1,0,1,1,0,0,0,0,0,0,0,1,0,0,0,0,0
254,0,41.0,20.2125,0,0,1,0,0,1,1,0,0,0,1,0,0,0,0,1,0,0,0,0,0,0
255,1,29.0,15.2458,0,0,1,1,0,0,1,0,0,0,1,0,0,0,0,1,0,0,0,0,0,0
257,1,30.0,86.5,1,0,0,0,0,1,1,0,1,0,0,0,0,0,0,1,0,0,0,0,0,0
258,1,35.0,512.3292,1,0,0,1,0,0,1,0,1,0,0,0,0,0,0,1,0,0,0,0,0,0
259,1,50.0,26.0,0,1,0,0,0,1,1,0,0,1,0,0,0,0,0,1,0,0,0,0,0,0
261,1,3.0,31.3875,0,0,1,0,0,1,0,1,0,0,1,0,0,0,0,0,0,0,0,1,0,0
262,0,52.0,79.65,1,0,0,0,0,1,0,1,0,1,0,0,0,0,0,0,1,0,0,0,0,0
263,0,40.0,0.0,1,0,0,0,0,1,0,1,1,0,0,0,0,0,0,1,0,0,0,0,0,0
265,0,36.0,10.5,0,1,0,0,0,1,0,1,1,0,0,0,0,0,0,1,0,0,0,0,0,0
266,0,16.0,39.6875,0,0,1,0,0,1,0,1,0,1,0,0,0,0,0,0,0,0,0,1,0,0
267,1,25.0,7.775,0,0,1,0,0,1,0,1,1,0,0,0,0,0,0,0,1,0,0,0,0,0
268,1,58.0,153.4625,1,0,0,0,0,1,1,0,0,1,0,0,0,0,0,1,0,0,0,0,0,0
269,1,35.0,135.6333,1,0,0,0,0,1,1,0,1,0,0,0,0,0,0,1,0,0,0,0,0,0
271,1,25.0,0.0,0,0,1,0,0,1,0,1,1,0,0,0,0,0,0,1,0,0,0,0,0,0
272,1,41.0,19.5,0,1,0,0,0,1,1,0,0,1,0,0,0,0,0,1,0,0,0,0,0,0
273,0,37.0,29.7,1,0,0,1,0,0,0,1,0,1,0,0,0,0,0,1,0,0,0,0,0,0
275,1,63.0,77.9583,1,0,0,0,0,1,1,0,1,0,0,0,0,0,0,0,1,0,0,0,0,0
276,0,45.0,7.75,0,0,1,0,0,1,1,0,1,0,0,0,0,0,0,1,0,0,0,0,0,0
278,0,7.0,29.125,0,0,1,0,1,0,0,1,0,1,0,0,0,0,0,0,0,0,0,1,0,0
279,1,35.0,20.25,0,0,1,0,0,1,1,0,0,1,0,0,0,0,0,0,1,0,0,0,0,0
280,0,65.0,7.75,0,0,1,0,1,0,0,1,1,0,0,0,0,0,0,1,0,0,0,0,0,0
281,0,28.0,7.8542,0,0,1,0,0,1,0,1,1,0,0,0,0,0,0,1,0,0,0,0,0,0
282,0,16.0,9.5,0,0,1,0,0,1,0,1,1,0,0,0,0,0,0,1,0,0,0,0,0,0
283,1,19.0,8.05,0,0,1,0,0,1,0,1,1,0,0,0,0,0,0,1,0,0,0,0,0,0
285,0,33.0,8.6625,0,0,1,1,0,0,0,1,1,0,0,0,0,0,0,1,0,0,0,0,0,0
286,1,30.0,9.5,0,0,1,0,0,1,0,1,1,0,0,0,0,0,0,1,0,0,0,0,0,0
287,0,22.0,7.8958,0,0,1,0,0,1,0,1,1,0,0,0,0,0,0,1,0,0,0,0,0,0
288,1,42.0,13.0,0,1,0,0,0,1,0,1,1,0,0,0,0,0,0,1,0,0,0,0,0,0
289,1,22.0,7.75,0,0,1,0,1,0,1,0,1,0,0,0,0,0,0,1,0,0,0,0,0,0
290,1,26.0,78.85,1,0,0,0,0,1,1,0,1,0,0,0,0,0,0,1,0,0,0,0,0,0
291,1,19.0,91.0792,1,0,0,1,0,0,1,0,1,0,0,0,0,0,0,0,1,0,0,0,0,0
292,0,36.0,12.875,0,1,0,1,0,0,0,1,1,0,0,0,0,0,0,1,0,0,0,0,0,0
293,0,24.0,8.85,0,0,1,0,0,1,1,0,1,0,0,0,0,0,0,1,0,0,0,0,0,0
294,0,24.0,7.8958,0,0,1,0,0,1,0,1,1,0,0,0,0,0,0,1,0,0,0,0,0,0
296,0,23.5,7.2292,0,0,1,1,0,0,0,1,1,0,0,0,0,0,0,1,0,0,0,0,0,0
297,0,2.0,151.55,1,0,0,0,0,1,1,0,0,0,1,0,0,0,0,0,1,0,0,0,0,0
299,1,50.0,247.5208,1,0,0,1,0,0,1,0,0,1,0,0,0,0,0,1,0,0,0,0,0,0
302,0,19.0,0.0,0,0,1,0,0,1,0,1,1,0,0,0,0,0,0,1,0,0,0,0,0,0
305,1,0.92,151.55,1,0,0,0,0,1,0,1,0,0,1,0,0,0,0,0,1,0,0,0,0,0
307,1,17.0,108.9,1,0,0,1,0,0,1,0,1,0,0,0,0,0,0,0,1,0,0,0,0,0
308,0,30.0,24.0,0,1,0,1,0,0,0,1,1,0,0,0,0,0,0,0,1,0,0,0,0,0
309,1,30.0,56.9292,1,0,0,1,0,0,1,0,1,0,0,0,0,0,0,1,0,0,0,0,0,0
310,1,24.0,83.1583,1,0,0,1,0,0,1,0,1,0,0,0,0,0,0,1,0,0,0,0,0,0
311,1,18.0,262.375,1,0,0,1,0,0,1,0,0,0,1,0,0,0,0,0,0,1,0,0,0,0
312,0,26.0,26.0,0,1,0,0,0,1,1,0,0,1,0,0,0,0,0,0,1,0,0,0,0,0
313,0,28.0,7.8958,0,0,1,0,0,1,0,1,1,0,0,0,0,0,0,1,0,0,0,0,0,0
314,0,43.0,26.25,0,1,0,0,0,1,0,1,0,1,0,0,0,0,0,0,1,0,0,0,0,0
315,1,26.0,7.8542,0,0,1,0,0,1,1,0,1,0,0,0,0,0,0,1,0,0,0,0,0,0
316,1,24.0,26.0,0,1,0,0,0,1,1,0,1,0,0,0,0,0,0,0,1,0,0,0,0,0
317,0,54.0,14.0,0,1,0,0,0,1,0,1,1,0,0,0,0,0,0,1,0,0,0,0,0,0
318,1,31.0,164.8667,1,0,0,0,0,1,1,0,0,0,1,0,0,0,0,1,0,0,0,0,0,0
319,1,40.0,134.5,1,0,0,1,0,0,1,0,0,1,0,0,0,0,0,0,1,0,0,0,0,0
320,0,22.0,7.25,0,0,1,0,0,1,0,1,1,0,0,0,0,0,0,1,0,0,0,0,0,0
321,0,27.0,7.8958,0,0,1,0,0,1,0,1,1,0,0,0,0,0,0,1,0,0,0,0,0,0
322,1,30.0,12.35,0,1,0,0,1,0,1,0,1,0,0,0,0,0,0,1,0,0,0,0,0,0
323,1,22.0,29.0,0,1,0,0,0,1,1,0,0,1,0,0,0,0,0,0,1,0,0,0,0,0
325,1,36.0,135.6333,1,0,0,1,0,0,1,0,1,0,0,0,0,0,0,1,0,0,0,0,0,0
326,0,61.0,6.2375,0,0,1,0,0,1,0,1,1,0,0,0,0,0,0,1,0,0,0,0,0,0
327,1,36.0,13.0,0,1,0,0,0,1,1,0,1,0,0,0,0,0,0,1,0,0,0,0,0,0
328,1,31.0,20.525,0,0,1,0,0,1,1,0,0,1,0,0,0,0,0,0,1,0,0,0,0,0
329,1,16.0,57.9792,1,0,0,1,0,0,1,0,0,1,0,0,0,0,0,1,0,0,0,0,0,0
331,0,45.5,28.5,1,0,0,0,0,1,0,1,1,0,0,0,0,0,0,1,0,0,0,0,0,0
332,0,38.0,153.4625,1,0,0,0,0,1,0,1,0,1,0,0,0,0,0,1,0,0,0,0,0,0
333,0,16.0,18.0,0,0,1,0,0,1,0,1,1,0,0,0,0,0,0,0,0,1,0,0,0,0
336,0,29.0,66.6,1,0,0,0,0,1,0,1,1,0,0,0,0,0,0,0,1,0,0,0,0,0
337,1,41.0,134.5,1,0,0,1,0,0,1,0,1,0,0,0,0,0,0,1,0,0,0,0,0,0
338,1,45.0,8.05,0,0,1,0,0,1,0,1,1,0,0,0,0,0,0,1,0,0,0,0,0,0
339,0,45.0,35.5,1,0,0,0,0,1,0,1,1,0,0,0,0,0,0,1,0,0,0,0,0,0
340,1,2.0,26.0,0,1,0,0,0,1,0,1,0,1,0,0,0,0,0,0,1,0,0,0,0,0
341,1,24.0,263.0,1,0,0,0,0,1,1,0,0,0,1,0,0,0,0,0,0,0,1,0,0,0
342,0,28.0,13.0,0,1,0,0,0,1,0,1,1,0,0,0,0,0,0,1,0,0,0,0,0,0
343,0,25.0,13.0,0,1,0,0,0,1,0,1,1,0,0,0,0,0,0,1,0,0,0,0,0,0
344,0,36.0,13.0,0,1,0,0,0,1,0,1,1,0,0,0,0,0,0,1,0,0,0,0,0,0
345,1,24.0,13.0,0,1,0,0,0,1,1,0,1,0,0,0,0,0,0,1,0,0,0,0,0,0
346,1,40.0,13.0,0,1,0,0,0,1,1,0,1,0,0,0,0,0,0,1,0,0,0,0,0,0
348,1,3.0,15.9,0,0,1,0,0,1,0,1,0,1,0,0,0,0,0,0,1,0,0,0,0,0
349,0,42.0,8.6625,0,0,1,0,0,1,0,1,1,0,0,0,0,0,0,1,0,0,0,0,0,0
350,0,23.0,9.225,0,0,1,0,0,1,0,1,1,0,0,0,0,0,0,1,0,0,0,0,0,0
352,0,15.0,7.2292,0,0,1,1,0,0,0,1,0,1,0,0,0,0,0,0,1,0,0,0,0,0
353,0,25.0,17.8,0,0,1,0,0,1,0,1,1,0,0,0,0,0,0,0,1,0,0,0,0,0
355,0,28.0,9.5,0,0,1,0,0,1,0,1,1,0,0,0,0,0,0,1,0,0,0,0,0,0
356,1,22.0,55.0,1,0,0,0,0,1,1,0,0,1,0,0,0,0,0,1,0,0,0,0,0,0
357,0,38.0,13.0,0,1,0,0,0,1,1,0,1,0,0,0,0,0,0,1,0,0,0,0,0,0
360,0,40.0,27.9,0,0,1,0,0,1,0,1,0,0,0,0,1,0,0,0,1,0,0,0,0,0
361,0,29.0,27.7208,0,1,0,1,0,0,0,1,1,0,0,0,0,0,0,0,1,0,0,0,0,0
362,0,45.0,14.4542,0,0,1,1,0,0,1,0,0,1,0,0,0,0,0,1,0,0,0,0,0,0
363,0,35.0,7.05,0,0,1,0,0,1,0,1,1,0,0,0,0,0,0,1,0,0,0,0,0,0
365,0,30.0,7.25,0,0,1,0,0,1,0,1,1,0,0,0,0,0,0,1,0,0,0,0,0,0
366,1,60.0,75.25,1,0,0,1,0,0,1,0,1,0,0,0,0,0,0,0,1,0,0,0,0,0
369,1,24.0,69.3,1,0,0,1,0,0,1,0,1,0,0,0,0,0,0,1,0,0,0,0,0,0
370,1,25.0,55.4417,1,0,0,1,0,0,0,1,1,0,0,0,0,0,0,0,1,0,0,0,0,0
371,0,18.0,6.4958,0,0,1,0,0,1,0,1,1,0,0,0,0,0,0,0,1,0,0,0,0,0
372,0,19.0,8.05,0,0,1,0,0,1,0,1,1,0,0,0,0,0,0,1,0,0,0,0,0,0
373,0,22.0,135.6333,1,0,0,1,0,0,0,1,1,0,0,0,0,0,0,1,0,0,0,0,0,0
374,0,3.0,21.075,0,0,1,0,0,1,1,0,0,1,0,0,0,0,0,0,0,0,1,0,0,0
376,1,22.0,7.25,0,0,1,0,0,1,1,0,1,0,0,0,0,0,0,1,0,0,0,0,0,0
377,0,27.0,211.5,1,0,0,1,0,0,0,1,0,0,1,0,0,0,0,1,0,0,0,0,0,0
378,0,20.0,4.0125,0,0,1,1,0,0,0,1,1,0,0,0,0,0,0,1,0,0,0,0,0,0
379,0,19.0,7.775,0,0,1,0,0,1,0,1,1,0,0,0,0,0,0,1,0,0,0,0,0,0
380,1,42.0,227.525,1,0,0,1,0,0,1,0,1,0,0,0,0,0,0,1,0,0,0,0,0,0
381,1,1.0,15.7417,0,0,1,1,0,0,1,0,0,0,1,0,0,0,0,1,0,0,0,0,0,0
382,0,32.0,7.925,0,0,1,0,0,1,0,1,1,0,0,0,0,0,0,1,0,0,0,0,0,0
383,1,35.0,52.0,1,0,0,0,0,1,1,0,1,0,0,0,0,0,0,0,1,0,0,0,0,0
385,0,18.0,73.5,0,1,0,0,0,1,0,1,1,0,0,0,0,0,0,1,0,0,0,0,0,0
386,0,1.0,46.9,0,0,1,0,0,1,0,1,0,0,1,0,0,0,0,0,0,0,0,0,1,0
387,1,36.0,13.0,0,1,0,0,0,1,1,0,1,0,0,0,0,0,0,1,0,0,0,0,0,0
389,1,17.0,12.0,0,1,0,1,0,0,1,0,1,0,0,0,0,0,0,1,0,0,0,0,0,0
390,1,36.0,120.0,1,0,0,0,0,1,0,1,0,0,1,0,0,0,0,0,1,0,0,0,0,0
391,1,21.0,7.7958,0,0,1,0,0,1,0,1,1,0,0,0,0,0,0,1,0,0,0,0,0,0
392,0,28.0,7.925,0,0,1,0,0,1,0,1,1,0,0,0,0,0,0,0,0,1,0,0,0,0
393,1,23.0,113.275,1,0,0,1,0,0,1,0,1,0,0,0,0,0,0,0,1,0,0,0,0,0
394,1,24.0,16.7,0,0,1,0,0,1,1,0,0,0,1,0,0,0,0,1,0,0,0,0,0,0
395,0,22.0,7.7958,0,0,1,0,0,1,0,1,1,0,0,0,0,0,0,1,0,0,0,0,0,0
396,0,31.0,7.8542,0,0,1,0,0,1,1,0,1,0,0,0,0,0,0,1,0,0,0,0,0,0
397,0,46.0,26.0,0,1,0,0,0,1,0,1,1,0,0,0,0,0,0,1,0,0,0,0,0,0
398,0,23.0,10.5,0,1,0,0,0,1,0,1,1,0,0,0,0,0,0,1,0,0,0,0,0,0
399,1,28.0,12.65,0,1,0,0,0,1,1,0,1,0,0,0,0,0,0,1,0,0,0,0,0,0
400,1,39.0,7.925,0,0,1,0,0,1,0,1,1,0,0,0,0,0,0,1,0,0,0,0,0,0
401,0,26.0,8.05,0,0,1,0,0,1,0,1,1,0,0,0,0,0,0,1,0,0,0,0,0,0
402,0,21.0,9.825,0,0,1,0,0,1,1,0,1,0,0,0,0,0,0,0,1,0,0,0,0,0
403,0,28.0,15.85,0,0,1,0,0,1,0,1,1,0,0,0,0,0,0,0,1,0,0,0,0,0
404,0,20.0,8.6625,0,0,1,0,0,1,1,0,1,0,0,0,0,0,0,1,0,0,0,0,0,0
405,0,34.0,21.0,0,1,0,0,0,1,0,1,1,0,0,0,0,0,0,0,1,0,0,0,0,0
406,0,51.0,7.75,0,0,1,0,0,1,0,1,1,0,0,0,0,0,0,1,0,0,0,0,0,0
407,1,3.0,18.75,0,1,0,0,0,1,0,1,0,1,0,0,0,0,0,0,1,0,0,0,0,0
408,0,21.0,7.775,0,0,1,0,0,1,0,1,1,0,0,0,0,0,0,1,0,0,0,0,0,0
412,1,33.0,90.0,1,0,0,0,1,0,1,0,1,0,0,0,0,0,0,0,1,0,0,0,0,0
414,1,44.0,7.925,0,0,1,0,0,1,0,1,1,0,0,0,0,0,0,1,0,0,0,0,0,0
416,1,34.0,32.5,0,1,0,0,0,1,1,0,0,1,0,0,0,0,0,0,1,0,0,0,0,0
417,1,18.0,13.0,0,1,0,0,0,1,1,0,0,0,1,0,0,0,0,1,0,0,0,0,0,0
418,0,30.0,13.0,0,1,0,0,0,1,0,1,1,0,0,0,0,0,0,1,0,0,0,0,0,0
419,0,10.0,24.15,0,0,1,0,0,1,1,0,0,0,1,0,0,0,0,1,0,0,0,0,0,0
421,0,21.0,7.7333,0,0,1,0,1,0,0,1,1,0,0,0,0,0,0,1,0,0,0,0,0,0
422,0,29.0,7.875,0,0,1,0,0,1,0,1,1,0,0,0,0,0,0,1,0,0,0,0,0,0
423,0,28.0,14.4,0,0,1,0,0,1,1,0,0,1,0,0,0,0,0,0,1,0,0,0,0,0
424,0,18.0,20.2125,0,0,1,0,0,1,0,1,0,1,0,0,0,0,0,0,1,0,0,0,0,0
426,1,28.0,26.0,0,1,0,0,0,1,1,0,1,0,0,0,0,0,0,0,1,0,0,0,0,0
427,1,19.0,26.0,0,1,0,0,0,1,1,0,1,0,0,0,0,0,0,1,0,0,0,0,0,0
429,1,32.0,8.05,0,0,1,0,0,1,0,1,1,0,0,0,0,0,0,1,0,0,0,0,0,0
430,1,28.0,26.55,1,0,0,0,0,1,0,1,1,0,0,0,0,0,0,1,0,0,0,0,0,0
432,1,42.0,26.0,0,1,0,0,0,1,1,0,1,0,0,0,0,0,0,0,1,0,0,0,0,0
433,0,17.0,7.125,0,0,1,0,0,1,0,1,1,0,0,0,0,0,0,1,0,0,0,0,0,0
434,0,50.0,55.9,1,0,0,0,0,1,0,1,1,0,0,0,0,0,0,0,1,0,0,0,0,0
435,1,14.0,120.0,1,0,0,0,0,1,1,0,0,0,1,0,0,0,0,0,1,0,0,0,0,0
436,0,21.0,34.375,0,0,1,0,0,1,1,0,0,0,1,0,0,0,0,0,0,1,0,0,0,0
437,1,24.0,18.75,0,1,0,0,0,1,1,0,0,0,0,1,0,0,0,0,0,1,0,0,0,0
438,0,64.0,263.0,1,0,0,0,0,1,0,1,0,0,0,0,1,0,0,0,1,0,0,0,0,0
439,0,31.0,10.5,0,1,0,0,0,1,0,1,1,0,0,0,0,0,0,1,0,0,0,0,0,0
440,1,45.0,26.25,0,1,0,0,0,1,1,0,0,1,0,0,0,0,0,0,1,0,0,0,0,0
441,0,20.0,9.5,0,0,1,0,0,1,0,1,1,0,0,0,0,0,0,1,0,0,0,0,0,0
442,0,25.0,7.775,0,0,1,0,0,1,0,1,1,0,0,0,0,0,0,0,1,0,0,0,0,0
443,1,28.0,13.0,0,1,0,0,0,1,1,0,1,0,0,0,0,0,0,1,0,0,0,0,0,0
445,1,4.0,81.8583,1,0,0,0,0,1,0,1,0,0,1,0,0,0,0,1,0,0,0,0,0,0
446,1,13.0,19.5,0,1,0,0,0,1,1,0,0,1,0,0,0,0,0,1,0,0,0,0,0,0
447,1,34.0,26.55,1,0,0,0,0,1,0,1,1,0,0,0,0,0,0,1,0,0,0,0,0,0
448,1,5.0,19.2583,0,0,1,1,0,0,1,0,0,1,0,0,0,0,0,0,0,1,0,0,0,0
449,1,52.0,30.5,1,0,0,0,0,1,0,1,1,0,0,0,0,0,0,1,0,0,0,0,0,0
450,0,36.0,27.75,0,1,0,0,0,1,0,1,0,0,1,0,0,0,0,0,1,0,0,0,0,0
452,0,30.0,27.75,1,0,0,1,0,0,0,1,1,0,0,0,0,0,0,1,0,0,0,0,0,0
453,1,49.0,89.1042,1,0,0,1,0,0,0,1,1,0,0,0,0,0,0,0,1,0,0,0,0,0
455,1,29.0,7.8958,0,0,1,1,0,0,0,1,1,0,0,0,0,0,0,1,0,0,0,0,0,0
456,0,65.0,26.55,1,0,0,0,0,1,0,1,1,0,0,0,0,0,0,1,0,0,0,0,0,0
458,1,50.0,10.5,0,1,0,0,0,1,1,0,1,0,0,0,0,0,0,1,0,0,0,0,0,0
460,1,48.0,26.55,1,0,0,0,0,1,0,1,1,0,0,0,0,0,0,1,0,0,0,0,0,0
461,0,34.0,8.05,0,0,1,0,0,1,0,1,1,0,0,0,0,0,0,1,0,0,0,0,0,0
462,0,47.0,38.5,1,0,0,0,0,1,0,1,1,0,0,0,0,0,0,1,0,0,0,0,0,0
463,0,48.0,13.0,0,1,0,0,0,1,0,1,1,0,0,0,0,0,0,1,0,0,0,0,0,0
465,0,38.0,7.05,0,0,1,0,0,1,0,1,1,0,0,0,0,0,0,1,0,0,0,0,0,0
467,0,56.0,26.55,1,0,0,0,0,1,0,1,1,0,0,0,0,0,0,1,0,0,0,0,0,0
469,1,0.75,19.2583,0,0,1,1,0,0,1,0,0,1,0,0,0,0,0,0,0,1,0,0,0,0
471,0,38.0,8.6625,0,0,1,0,0,1,0,1,1,0,0,0,0,0,0,1,0,0,0,0,0,0
472,1,33.0,27.75,0,1,0,0,0,1,1,0,0,0,1,0,0,0,0,0,1,0,0,0,0,0
473,1,23.0,13.7917,0,1,0,1,0,0,1,0,1,0,0,0,0,0,0,1,0,0,0,0,0,0
474,0,22.0,9.8375,0,0,1,0,0,1,1,0,1,0,0,0,0,0,0,1,0,0,0,0,0,0
476,0,34.0,21.0,0,1,0,0,0,1,0,1,1,0,0,0,0,0,0,0,1,0,0,0,0,0
477,0,29.0,7.0458,0,0,1,0,0,1,0,1,1,0,0,0,0,0,0,0,1,0,0,0,0,0
478,0,22.0,7.5208,0,0,1,0,0,1,0,1,1,0,0,0,0,0,0,1,0,0,0,0,0,0
479,1,2.0,12.2875,0,0,1,0,0,1,1,0,0,1,0,0,0,0,0,1,0,0,0,0,0,0
480,0,9.0,46.9,0,0,1,0,0,1,0,1,0,0,1,0,0,0,0,0,0,0,0,0,1,0
482,0,50.0,8.05,0,0,1,0,0,1,0,1,1,0,0,0,0,0,0,1,0,0,0,0,0,0
483,1,63.0,9.5875,0,0,1,0,0,1,1,0,1,0,0,0,0,0,0,1,0,0,0,0,0,0
484,1,25.0,91.0792,1,0,0,1,0,0,0,1,1,0,0,0,0,0,0,0,1,0,0,0,0,0
486,1,35.0,90.0,1,0,0,0,0,1,1,0,1,0,0,0,0,0,0,0,1,0,0,0,0,0
487,0,58.0,29.7,1,0,0,1,0,0,0,1,1,0,0,0,0,0,0,1,0,0,0,0,0,0
488,0,30.0,8.05,0,0,1,0,0,1,0,1,1,0,0,0,0,0,0,1,0,0,0,0,0,0
489,1,9.0,15.9,0,0,1,0,0,1,0,1,0,1,0,0,0,0,0,0,1,0,0,0,0,0
491,0,21.0,7.25,0,0,1,0,0,1,0,1,1,0,0,0,0,0,0,1,0,0,0,0,0,0
492,0,55.0,30.5,1,0,0,0,0,1,0,1,1,0,0,0,0,0,0,1,0,0,0,0,0,0
493,0,71.0,49.5042,1,0,0,1,0,0,0,1,1,0,0,0,0,0,0,1,0,0,0,0,0,0
494,0,21.0,8.05,0,0,1,0,0,1,0,1,1,0,0,0,0,0,0,1,0,0,0,0,0,0
496,1,54.0,78.2667,1,0,0,1,0,0,1,0,1,0,0,0,0,0,0,0,1,0,0,0,0,0
498,0,25.0,151.55,1,0,0,0,0,1,1,0,0,0,1,0,0,0,0,0,1,0,0,0,0,0
499,0,24.0,7.7958,0,0,1,0,0,1,0,1,1,0,0,0,0,0,0,1,0,0,0,0,0,0
500,0,17.0,8.6625,0,0,1,0,0,1,0,1,1,0,0,0,0,0,0,1,0,0,0,0,0,0
501,0,21.0,7.75,0,0,1,0,1,0,1,0,1,0,0,0,0,0,0,1,0,0,0,0,0,0
503,0,37.0,9.5875,0,0,1,0,0,1,1,0,1,0,0,0,0,0,0,1,0,0,0,0,0,0
504,1,16.0,86.5,1,0,0,0,0,1,1,0,1,0,0,0,0,0,0,1,0,0,0,0,0,0
505,0,18.0,108.9,1,0,0,1,0,0,0,1,1,0,0,0,0,0,0,0,1,0,0,0,0,0
506,1,33.0,26.0,0,1,0,0,0,1,1,0,0,0,1,0,0,0,0,1,0,0,0,0,0,0
508,0,28.0,22.525,0,0,1,0,0,1,0,1,1,0,0,0,0,0,0,1,0,0,0,0,0,0
509,1,26.0,56.4958,0,0,1,0,0,1,0,1,1,0,0,0,0,0,0,1,0,0,0,0,0,0
510,1,29.0,7.75,0,0,1,0,1,0,0,1,1,0,0,0,0,0,0,1,0,0,0,0,0,0
512,1,36.0,26.2875,1,0,0,0,0,1,0,1,1,0,0,0,0,0,0,1,0,0,0,0,0,0
513,1,54.0,59.4,1,0,0,1,0,0,1,0,1,0,0,0,0,0,0,0,1,0,0,0,0,0
514,0,24.0,7.4958,0,0,1,0,0,1,0,1,1,0,0,0,0,0,0,1,0,0,0,0,0,0
515,0,47.0,34.0208,1,0,0,0,0,1,0,1,1,0,0,0,0,0,0,1,0,0,0,0,0,0
516,1,34.0,10.5,0,1,0,0,0,1,1,0,1,0,0,0,0,0,0,1,0,0,0,0,0,0
518,1,36.0,26.0,0,1,0,0,0,1,1,0,1,0,0,0,0,0,0,0,1,0,0,0,0,0
519,0,32.0,7.8958,0,0,1,0,0,1,0,1,1,0,0,0,0,0,0,1,0,0,0,0,0,0
520,1,30.0,93.5,1,0,0,0,0,1,1,0,1,0,0,0,0,0,0,1,0,0,0,0,0,0
521,0,22.0,7.8958,0,0,1,0,0,1,0,1,1,0,0,0,0,0,0,1,0,0,0,0,0,0
523,1,44.0,57.9792,1,0,0,1,0,0,1,0,0,1,0,0,0,0,0,1,0,0,0,0,0,0
525,0,40.5,7.75,0,0,1,0,1,0,0,1,1,0,0,0,0,0,0,1,0,0,0,0,0,0
526,1,50.0,10.5,0,1,0,0,0,1,1,0,1,0,0,0,0,0,0,1,0,0,0,0,0,0
528,0,39.0,7.925,0,0,1,0,0,1,0,1,1,0,0,0,0,0,0,1,0,0,0,0,0,0
529,0,23.0,11.5,0,1,0,0,0,1,0,1,0,1,0,0,0,0,0,0,0,1,0,0,0,0
530,1,2.0,26.0,0,1,0,0,0,1,1,0,0,1,0,0,0,0,0,0,1,0,0,0,0,0
532,0,17.0,7.2292,0,0,1,1,0,0,0,1,0,1,0,0,0,0,0,0,1,0,0,0,0,0
534,0,30.0,8.6625,0,0,1,0,0,1,1,0,1,0,0,0,0,0,0,1,0,0,0,0,0,0
535,1,7.0,26.25,0,1,0,0,0,1,1,0,0,0,1,0,0,0,0,1,0,0,0,0,0,0
536,0,45.0,26.55,1,0,0,0,0,1,0,1,1,0,0,0,0,0,0,1,0,0,0,0,0,0
537,1,30.0,106.425,1,0,0,1,0,0,1,0,1,0,0,0,0,0,0,1,0,0,0,0,0,0
539,1,22.0,49.5,1,0,0,1,0,0,1,0,0,0,1,0,0,0,0,1,0,0,0,0,0,0
540,1,36.0,71.0,1,0,0,0,0,1,1,0,0,0,1,0,0,0,0,1,0,0,0,0,0,0
541,0,9.0,31.275,0,0,1,0,0,1,1,0,0,0,1,0,0,0,0,0,0,0,0,1,0,0
542,0,11.0,31.275,0,0,1,0,0,1,1,0,0,0,1,0,0,0,0,0,0,0,0,1,0,0
543,1,32.0,26.0,0,1,0,0,0,1,0,1,1,0,0,0,0,0,0,0,1,0,0,0,0,0
544,0,50.0,106.425,1,0,0,1,0,0,0,1,1,0,0,0,0,0,0,0,1,0,0,0,0,0
545,0,64.0,26.0,1,0,0,0,0,1,0,1,1,0,0,0,0,0,0,1,0,0,0,0,0,0
546,1,19.0,26.0,0,1,0,0,0,1,1,0,1,0,0,0,0,0,0,0,1,0,0,0,0,0
548,0,33.0,20.525,0,0,1,0,0,1,0,1,0,1,0,0,0,0,0,0,1,0,0,0,0,0
549,1,8.0,36.75,0,1,0,0,0,1,0,1,0,1,0,0,0,0,0,0,1,0,0,0,0,0
550,1,17.0,110.8833,1,0,0,1,0,0,0,1,0,0,1,0,0,0,0,1,0,0,0,0,0,0
551,0,27.0,26.0,0,1,0,0,0,1,0,1,1,0,0,0,0,0,0,1,0,0,0,0,0,0
553,1,22.0,7.225,0,0,1,1,0,0,0,1,1,0,0,0,0,0,0,1,0,0,0,0,0,0
554,1,22.0,7.775,0,0,1,0,0,1,1,0,1,0,0,0,0,0,0,1,0,0,0,0,0,0
555,0,62.0,26.55,1,0,0,0,0,1,0,1,1,0,0,0,0,0,0,1,0,0,0,0,0,0
556,1,48.0,39.6,1,0,0,1,0,0,1,0,1,0,0,0,0,0,0,0,1,0,0,0,0,0
558,1,39.0,79.65,1,0,0,0,0,1,1,0,0,1,0,0,0,0,0,0,1,0,0,0,0,0
559,1,36.0,17.4,0,0,1,0,0,1,1,0,1,0,0,0,0,0,0,0,1,0,0,0,0,0
561,0,40.0,7.8958,0,0,1,0,0,1,0,1,1,0,0,0,0,0,0,1,0,0,0,0,0,0
562,0,28.0,13.5,0,1,0,0,0,1,0,1,1,0,0,0,0,0,0,1,0,0,0,0,0,0
565,0,24.0,24.15,0,0,1,0,0,1,0,1,1,0,0,0,0,0,0,0,0,1,0,0,0,0
566,0,19.0,7.8958,0,0,1,0,0,1,0,1,1,0,0,0,0,0,0,1,0,0,0,0,0,0
567,0,29.0,21.075,0,0,1,0,0,1,1,0,0,0,0,0,1,0,0,1,0,0,0,0,0,0
569,1,32.0,7.8542,0,0,1,0,0,1,0,1,1,0,0,0,0,0,0,1,0,0,0,0,0,0
570,1,62.0,10.5,0,1,0,0,0,1,0,1,1,0,0,0,0,0,0,1,0,0,0,0,0,0
571,1,53.0,51.4792,1,0,0,0,0,1,1,0,1,0,0,0,0,0,0,0,0,1,0,0,0,0
572,1,36.0,26.3875,1,0,0,0,0,1,0,1,1,0,0,0,0,0,0,1,0,0,0,0,0,0
574,0,16.0,8.05,0,0,1,0,0,1,0,1,1,0,0,0,0,0,0,1,0,0,0,0,0,0
575,0,19.0,14.5,0,0,1,0,0,1,0,1,1,0,0,0,0,0,0,1,0,0,0,0,0,0
576,1,34.0,13.0,0,1,0,0,0,1,1,0,1,0,0,0,0,0,0,1,0,0,0,0,0,0
577,1,39.0,55.9,1,0,0,0,0,1,1,0,1,0,0,0,0,0,0,0,1,0,0,0,0,0
579,1,32.0,7.925,0,0,1,0,0,1,0,1,1,0,0,0,0,0,0,1,0,0,0,0,0,0
580,1,25.0,30.0,0,1,0,0,0,1,1,0,0,1,0,0,0,0,0,0,1,0,0,0,0,0
581,1,39.0,110.8833,1,0,0,1,0,0,1,0,0,1,0,0,0,0,0,0,1,0,0,0,0,0
582,0,54.0,26.0,0,1,0,0,0,1,0,1,1,0,0,0,0,0,0,1,0,0,0,0,0,0
583,0,36.0,40.125,1,0,0,1,0,0,0,1,1,0,0,0,0,0,0,1,0,0,0,0,0,0
585,1,18.0,79.65,1,0,0,0,0,1,1,0,0,0,1,0,0,0,0,1,0,0,0,0,0,0
586,0,47.0,15.0,0,1,0,0,0,1,0,1,1,0,0,0,0,0,0,1,0,0,0,0,0,0
587,1,60.0,79.2,1,0,0,1,0,0,0,1,0,1,0,0,0,0,0,0,1,0,0,0,0,0
588,0,22.0,8.05,0,0,1,0,0,1,0,1,1,0,0,0,0,0,0,1,0,0,0,0,0,0
590,0,35.0,7.125,0,0,1,0,0,1,0,1,1,0,0,0,0,0,0,1,0,0,0,0,0,0
591,1,52.0,78.2667,1,0,0,1,0,0,1,0,1,0,0,0,0,0,0,0,1,0,0,0,0,0
592,0,47.0,7.25,0,0,1,0,0,1,0,1,1,0,0,0,0,0,0,1,0,0,0,0,0,0
594,0,37.0,26.0,0,1,0,0,0,1,0,1,1,0,0,0,0,0,0,0,1,0,0,0,0,0
595,0,36.0,24.15,0,0,1,0,0,1,0,1,0,1,0,0,0,0,0,0,1,0,0,0,0,0
597,0,49.0,0.0,0,0,1,0,0,1,0,1,1,0,0,0,0,0,0,1,0,0,0,0,0,0
599,1,49.0,56.9292,1,0,0,1,0,0,0,1,1,0,0,0,0,0,0,0,1,0,0,0,0,0
600,1,24.0,27.0,0,1,0,0,0,1,1,0,0,1,0,0,0,0,0,0,0,1,0,0,0,0
603,0,44.0,8.05,0,0,1,0,0,1,0,1,1,0,0,0,0,0,0,1,0,0,0,0,0,0
604,1,35.0,26.55,1,0,0,1,0,0,0,1,1,0,0,0,0,0,0,1,0,0,0,0,0,0
605,0,36.0,15.55,0,0,1,0,0,1,0,1,1,0,0,0,0,0,0,0,1,0,0,0,0,0
606,0,30.0,7.8958,0,0,1,0,0,1,0,1,1,0,0,0,0,0,0,1,0,0,0,0,0,0
607,1,27.0,30.5,1,0,0,0,0,1,0,1,1,0,0,0,0,0,0,1,0,0,0,0,0,0
608,1,22.0,41.5792,0,1,0,1,0,0,1,0,0,0,1,0,0,0,0,0,1,0,0,0,0,0
609,1,40.0,153.4625,1,0,0,0,0,1,1,0,1,0,0,0,0,0,0,1,0,0,0,0,0,0
610,0,39.0,31.275,0,0,1,0,0,1,1,0,0,0,0,0,0,1,0,0,1,0,0,0,0,0
614,0,35.0,8.05,0,0,1,0,0,1,0,1,1,0,0,0,0,0,0,1,0,0,0,0,0,0
615,1,24.0,65.0,0,1,0,0,0,1,1,0,0,0,1,0,0,0,0,0,1,0,0,0,0,0
616,0,34.0,14.4,0,0,1,0,0,1,0,1,0,1,0,0,0,0,0,0,1,0,0,0,0,0
617,0,26.0,16.1,0,0,1,0,0,1,1,0,1,0,0,0,0,0,0,0,1,0,0,0,0,0
618,1,4.0,39.0,0,1,0,0,0,1,1,0,0,1,0,0,0,0,0,0,0,1,0,0,0,0
619,0,26.0,10.5,0,1,0,0,0,1,0,1,1,0,0,0,0,0,0,1,0,0,0,0,0,0
620,0,27.0,14.4542,0,0,1,1,0,0,0,1,1,0,0,0,0,0,0,0,1,0,0,0,0,0
621,1,42.0,52.5542,1,0,0,0,0,1,0,1,1,0,0,0,0,0,0,0,1,0,0,0,0,0
622,1,20.0,15.7417,0,0,1,1,0,0,0,1,0,1,0,0,0,0,0,0,1,0,0,0,0,0
623,0,21.0,7.8542,0,0,1,0,0,1,0,1,1,0,0,0,0,0,0,1,0,0,0,0,0,0
624,0,21.0,16.1,0,0,1,0,0,1,0,1,1,0,0,0,0,0,0,1,0,0,0,0,0,0
625,0,61.0,32.3208,1,0,0,0,0,1,0,1,1,0,0,0,0,0,0,1,0,0,0,0,0,0
626,0,57.0,12.35,0,1,0,0,1,0,0,1,1,0,0,0,0,0,0,1,0,0,0,0,0,0
627,1,21.0,77.9583,1,0,0,0,0,1,1,0,1,0,0,0,0,0,0,1,0,0,0,0,0,0
628,0,26.0,7.8958,0,0,1,0,0,1,0,1,1,0,0,0,0,0,0,1,0,0,0,0,0,0
630,1,80.0,30.0,1,0,0,0,0,1,0,1,1,0,0,0,0,0,0,1,0,0,0,0,0,0
631,0,51.0,7.0542,0,0,1,0,0,1,0,1,1,0,0,0,0,0,0,1,0,0,0,0,0,0
632,1,32.0,30.5,1,0,0,1,0,0,0,1,1,0,0,0,0,0,0,1,0,0,0,0,0,0
634,0,9.0,27.9,0,0,1,0,0,1,1,0,0,0,1,0,0,0,0,0,0,0,1,0,0,0
635,1,28.0,13.0,0,1,0,0,0,1,1,0,1,0,0,0,0,0,0,1,0,0,0,0,0,0
636,0,32.0,7.925,0,0,1,0,0,1,0,1,1,0,0,0,0,0,0,1,0,0,0,0,0,0
637,0,31.0,26.25,0,1,0,0,0,1,0,1,0,1,0,0,0,0,0,0,1,0,0,0,0,0
638,0,41.0,39.6875,0,0,1,0,0,1,1,0,0,0,0,0,0,1,0,1,0,0,0,0,0,0
640,0,20.0,7.8542,0,0,1,0,0,1,0,1,1,0,0,0,0,0,0,1,0,0,0,0,0,0
641,1,24.0,69.3,1,0,0,1,0,0,1,0,1,0,0,0,0,0,0,1,0,0,0,0,0,0
642,0,2.0,27.9,0,0,1,0,0,1,1,0,0,0,1,0,0,0,0,0,0,0,1,0,0,0
644,1,0.75,19.2583,0,0,1,1,0,0,1,0,0,1,0,0,0,0,0,0,0,1,0,0,0,0
645,1,48.0,76.7292,1,0,0,1,0,0,0,1,1,0,0,0,0,0,0,0,1,0,0,0,0,0
646,0,19.0,7.8958,0,0,1,0,0,1,0,1,1,0,0,0,0,0,0,1,0,0,0,0,0,0
647,1,56.0,35.5,1,0,0,1,0,0,0,1,1,0,0,0,0,0,0,1,0,0,0,0,0,0
649,1,23.0,7.55,0,0,1,0,0,1,1,0,1,0,0,0,0,0,0,1,0,0,0,0,0,0
651,1,18.0,23.0,0,1,0,0,0,1,1,0,0,1,0,0,0,0,0,1,0,0,0,0,0,0
652,0,21.0,8.4333,0,0,1,0,0,1,0,1,1,0,0,0,0,0,0,1,0,0,0,0,0,0
654,0,18.0,6.75,0,0,1,0,1,0,1,0,1,0,0,0,0,0,0,1,0,0,0,0,0,0
655,0,24.0,73.5,0,1,0,0,0,1,0,1,1,0,0,0,0,0,0,0,0,1,0,0,0,0
657,0,32.0,15.5,0,0,1,0,1,0,1,0,0,1,0,0,0,0,0,0,1,0,0,0,0,0
658,0,23.0,13.0,0,1,0,0,0,1,0,1,1,0,0,0,0,0,0,1,0,0,0,0,0,0
659,0,58.0,113.275,1,0,0,1,0,0,0,1,0,0,1,0,0,0,0,1,0,0,0,0,0,0
660,1,50.0,133.65,1,0,0,0,0,1,0,1,1,0,0,0,0,0,0,0,0,1,0,0,0,0
661,0,40.0,7.225,0,0,1,1,0,0,0,1,1,0,0,0,0,0,0,1,0,0,0,0,0,0
662,0,47.0,25.5875,1,0,0,0,0,1,0,1,1,0,0,0,0,0,0,1,0,0,0,0,0,0
663,0,36.0,7.4958,0,0,1,0,0,1,0,1,1,0,0,0,0,0,0,1,0,0,0,0,0,0
664,1,20.0,7.925,0,0,1,0,0,1,0,1,1,0,0,0,0,0,0,0,1,0,0,0,0,0
665,0,32.0,73.5,0,1,0,0,0,1,0,1,1,0,0,0,0,0,0,0,0,1,0,0,0,0
666,0,25.0,13.0,0,1,0,0,0,1,0,1,1,0,0,0,0,0,0,1,0,0,0,0,0,0
668,0,43.0,8.05,0,0,1,0,0,1,0,1,1,0,0,0,0,0,0,1,0,0,0,0,0,0
670,1,40.0,39.0,0,1,0,0,0,1,1,0,0,1,0,0,0,0,0,0,1,0,0,0,0,0
671,0,31.0,52.0,1,0,0,0,0,1,0,1,1,0,0,0,0,0,0,0,1,0,0,0,0,0
672,0,70.0,10.5,0,1,0,0,0,1,0,1,1,0,0,0,0,0,0,1,0,0,0,0,0,0
673,1,31.0,13.0,0,1,0,0,0,1,0,1,1,0,0,0,0,0,0,1,0,0,0,0,0,0
675,0,18.0,7.775,0,0,1,0,0,1,0,1,1,0,0,0,0,0,0,1,0,0,0,0,0,0
676,0,24.5,8.05,0,0,1,0,0,1,0,1,1,0,0,0,0,0,0,1,0,0,0,0,0,0
677,1,18.0,9.8417,0,0,1,0,0,1,1,0,1,0,0,0,0,0,0,1,0,0,0,0,0,0
678,0,43.0,46.9,0,0,1,0,0,1,1,0,0,0,0,0,0,0,1,0,1,0,0,0,0,0
679,1,36.0,512.3292,1,0,0,1,0,0,0,1,0,1,0,0,0,0,0,1,0,0,0,0,0,0
681,1,27.0,76.7292,1,0,0,1,0,0,0,1,1,0,0,0,0,0,0,1,0,0,0,0,0,0
682,0,20.0,9.225,0,0,1,0,0,1,0,1,1,0,0,0,0,0,0,1,0,0,0,0,0,0
683,0,14.0,46.9,0,0,1,0,0,1,0,1,0,0,1,0,0,0,0,0,0,0,0,0,1,0
684,0,60.0,39.0,0,1,0,0,0,1,0,1,0,1,0,0,0,0,0,0,1,0,0,0,0,0
685,0,25.0,41.5792,0,1,0,1,0,0,0,1,0,0,1,0,0,0,0,0,1,0,0,0,0,0
686,0,14.0,39.6875,0,0,1,0,0,1,0,1,0,1,0,0,0,0,0,0,0,0,0,1,0,0
687,0,19.0,10.1708,0,0,1,0,0,1,0,1,1,0,0,0,0,0,0,1,0,0,0,0,0,0
688,0,18.0,7.7958,0,0,1,0,0,1,0,1,1,0,0,0,0,0,0,1,0,0,0,0,0,0
689,1,15.0,211.3375,1,0,0,0,0,1,1,0,0,1,0,0,0,0,0,1,0,0,0,0,0,0
690,1,31.0,57.0,1,0,0,0,0,1,0,1,1,0,0,0,0,0,0,0,1,0,0,0,0,0
691,1,4.0,13.4167,0,0,1,1,0,0,1,0,0,1,0,0,0,0,0,1,0,0,0,0,0,0
693,0,25.0,7.225,0,0,1,1,0,0,0,1,1,0,0,0,0,0,0,1,0,0,0,0,0,0
694,0,60.0,26.55,1,0,0,0,0,1,0,1,1,0,0,0,0,0,0,1,0,0,0,0,0,0
695,0,52.0,13.5,0,1,0,0,0,1,0,1,1,0,0,0,0,0,0,1,0,0,0,0,0,0
696,0,44.0,8.05,0,0,1,0,0,1,0,1,1,0,0,0,0,0,0,1,0,0,0,0,0,0
698,0,49.0,110.8833,1,0,0,1,0,0,0,1,0,1,0,0,0,0,0,0,1,0,0,0,0,0
699,0,42.0,7.65,0,0,1,0,0,1,0,1,1,0,0,0,0,0,0,1,0,0,0,0,0,0
700,1,18.0,227.525,1,0,0,1,0,0,1,0,1,0,0,0,0,0,0,0,1,0,0,0,0,0
701,1,35.0,26.2875,1,0,0,0,0,1,0,1,1,0,0,0,0,0,0,1,0,0,0,0,0,0
702,0,18.0,14.4542,0,0,1,1,0,0,1,0,0,1,0,0,0,0,0,1,0,0,0,0,0,0
703,0,25.0,7.7417,0,0,1,0,1,0,0,1,1,0,0,0,0,0,0,1,0,0,0,0,0,0
704,0,26.0,7.8542,0,0,1,0,0,1,0,1,1,0,0,0,0,0,0,0,1,0,0,0,0,0
705,0,39.0,26.0,0,1,0,0,0,1,0,1,1,0,0,0,0,0,0,1,0,0,0,0,0,0
706,1,45.0,13.5,0,1,0,0,0,1,1,0,1,0,0,0,0,0,0,1,0,0,0,0,0,0
707,1,42.0,26.2875,1,0,0,0,0,1,0,1,1,0,0,0,0,0,0,1,0,0,0,0,0,0
708,1,22.0,151.55,1,0,0,0,0,1,1,0,1,0,0,0,0,0,0,1,0,0,0,0,0,0
710,1,24.0,49.5042,1,0,0,1,0,0,1,0,1,0,0,0,0,0,0,1,0,0,0,0,0,0
712,1,48.0,52.0,1,0,0,0,0,1,0,1,1,0,0,0,0,0,0,0,1,0,0,0,0,0
713,0,29.0,9.4833,0,0,1,0,0,1,0,1,1,0,0,0,0,0,0,1,0,0,0,0,0,0
714,0,52.0,13.0,0,1,0,0,0,1,0,1,1,0,0,0,0,0,0,1,0,0,0,0,0,0
715,0,19.0,7.65,0,0,1,0,0,1,0,1,1,0,0,0,0,0,0,1,0,0,0,0,0,0
716,1,38.0,227.525,1,0,0,1,0,0,1,0,1,0,0,0,0,0,0,1,0,0,0,0,0,0
717,1,27.0,10.5,0,1,0,0,0,1,1,0,1,0,0,0,0,0,0,1,0,0,0,0,0,0
719,0,33.0,7.775,0,0,1,0,0,1,0,1,1,0,0,0,0,0,0,1,0,0,0,0,0,0
720,1,6.0,33.0,0,1,0,0,0,1,1,0,0,1,0,0,0,0,0,1,0,0,0,0,0,0
721,0,17.0,7.0542,0,0,1,0,0,1,0,1,1,0,0,0,0,0,0,0,1,0,0,0,0,0
722,0,34.0,13.0,0,1,0,0,0,1,0,1,1,0,0,0,0,0,0,1,0,0,0,0,0,0
723,0,50.0,13.0,0,1,0,0,0,1,0,1,1,0,0,0,0,0,0,1,0,0,0,0,0,0
724,1,27.0,53.1,1,0,0,0,0,1,0,1,1,0,0,0,0,0,0,0,1,0,0,0,0,0
725,0,20.0,8.6625,0,0,1,0,0,1,0,1,1,0,0,0,0,0,0,1,0,0,0,0,0,0
726,1,30.0,21.0,0,1,0,0,0,1,1,0,1,0,0,0,0,0,0,0,0,0,1,0,0,0
728,0,25.0,26.0,0,1,0,0,0,1,0,1,1,0,0,0,0,0,0,0,1,0,0,0,0,0
729,0,25.0,7.925,0,0,1,0,0,1,1,0,1,0,0,0,0,0,0,0,1,0,0,0,0,0
730,1,29.0,211.3375,1,0,0,0,0,1,1,0,1,0,0,0,0,0,0,1,0,0,0,0,0,0
731,0,11.0,18.7875,0,0,1,1,0,0,0,1,1,0,0,0,0,0,0,1,0,0,0,0,0,0
733,0,23.0,13.0,0,1,0,0,0,1,0,1,1,0,0,0,0,0,0,1,0,0,0,0,0,0
734,0,23.0,13.0,0,1,0,0,0,1,0,1,1,0,0,0,0,0,0,1,0,0,0,0,0,0
735,0,28.5,16.1,0,0,1,0,0,1,0,1,1,0,0,0,0,0,0,1,0,0,0,0,0,0
736,0,48.0,34.375,0,0,1,0,0,1,1,0,0,0,0,1,0,0,0,0,1,0,0,0,0,0
737,1,35.0,512.3292,1,0,0,1,0,0,0,1,1,0,0,0,0,0,0,1,0,0,0,0,0,0
741,0,36.0,78.85,1,0,0,0,0,1,0,1,1,0,0,0,0,0,0,0,1,0,0,0,0,0
742,1,21.0,262.375,1,0,0,1,0,0,1,0,0,0,1,0,0,0,0,0,0,1,0,0,0,0
743,0,24.0,16.1,0,0,1,0,0,1,0,1,1,0,0,0,0,0,0,0,1,0,0,0,0,0
744,1,31.0,7.925,0,0,1,0,0,1,0,1,1,0,0,0,0,0,0,1,0,0,0,0,0,0
745,0,70.0,71.0,1,0,0,0,0,1,0,1,0,1,0,0,0,0,0,0,1,0,0,0,0,0
746,0,16.0,20.25,0,0,1,0,0,1,0,1,0,1,0,0,0,0,0,0,1,0,0,0,0,0
747,1,30.0,13.0,0,1,0,0,0,1,1,0,1,0,0,0,0,0,0,1,0,0,0,0,0,0
748,0,19.0,53.1,1,0,0,0,0,1,0,1,1,0,0,0,0,0,0,0,1,0,0,0,0,0
749,0,31.0,7.75,0,0,1,0,1,0,0,1,1,0,0,0,0,0,0,1,0,0,0,0,0,0
750,1,4.0,23.0,0,1,0,0,0,1,1,0,0,1,0,0,0,0,0,0,1,0,0,0,0,0
751,1,6.0,12.475,0,0,1,0,0,1,0,1,0,1,0,0,0,0,0,1,0,0,0,0,0,0
752,0,33.0,9.5,0,0,1,0,0,1,0,1,1,0,0,0,0,0,0,1,0,0,0,0,0,0
753,0,23.0,7.8958,0,0,1,0,0,1,0,1,1,0,0,0,0,0,0,1,0,0,0,0,0,0
754,1,48.0,65.0,0,1,0,0,0,1,1,0,0,0,1,0,0,0,0,0,1,0,0,0,0,0
755,1,0.67,14.5,0,1,0,0,0,1,0,1,0,1,0,0,0,0,0,0,1,0,0,0,0,0
756,0,28.0,7.7958,0,0,1,0,0,1,0,1,1,0,0,0,0,0,0,1,0,0,0,0,0,0
757,0,18.0,11.5,0,1,0,0,0,1,0,1,1,0,0,0,0,0,0,1,0,0,0,0,0,0
758,0,34.0,8.05,0,0,1,0,0,1,0,1,1,0,0,0,0,0,0,1,0,0,0,0,0,0
759,1,33.0,86.5,1,0,0,0,0,1,1,0,1,0,0,0,0,0,0,1,0,0,0,0,0,0
761,0,41.0,7.125,0,0,1,0,0,1,0,1,1,0,0,0,0,0,0,1,0,0,0,0,0,0
762,1,20.0,7.2292,0,0,1,1,0,0,0,1,1,0,0,0,0,0,0,1,0,0,0,0,0,0
763,1,36.0,120.0,1,0,0,0,0,1,1,0,0,0,1,0,0,0,0,0,1,0,0,0,0,0
764,0,16.0,7.775,0,0,1,0,0,1,0,1,1,0,0,0,0,0,0,1,0,0,0,0,0,0
765,1,51.0,77.9583,1,0,0,0,0,1,1,0,1,0,0,0,0,0,0,0,1,0,0,0,0,0
767,0,30.5,7.75,0,0,1,0,1,0,1,0,1,0,0,0,0,0,0,1,0,0,0,0,0,0
769,0,32.0,8.3625,0,0,1,0,0,1,0,1,1,0,0,0,0,0,0,1,0,0,0,0,0,0
770,0,24.0,9.5,0,0,1,0,0,1,0,1,1,0,0,0,0,0,0,1,0,0,0,0,0,0
771,0,48.0,7.8542,0,0,1,0,0,1,0,1,1,0,0,0,0,0,0,1,0,0,0,0,0,0
772,0,57.0,10.5,0,1,0,0,0,1,1,0,1,0,0,0,0,0,0,1,0,0,0,0,0,0
774,1,54.0,23.0,0,1,0,0,0,1,1,0,0,0,0,1,0,0,0,0,1,0,0,0,0,0
775,0,18.0,7.75,0,0,1,0,0,1,0,1,1,0,0,0,0,0,0,1,0,0,0,0,0,0
777,1,5.0,12.475,0,0,1,0,0,1,1,0,1,0,0,0,0,0,0,1,0,0,0,0,0,0
779,1,43.0,211.3375,1,0,0,0,0,1,1,0,0,1,0,0,0,0,0,1,0,0,0,0,0,0
780,1,13.0,7.2292,0,0,1,1,0,0,1,0,1,0,0,0,0,0,0,1,0,0,0,0,0,0
781,1,17.0,57.0,1,0,0,0,0,1,1,0,1,0,0,0,0,0,0,0,1,0,0,0,0,0
782,0,29.0,30.0,1,0,0,0,0,1,0,1,1,0,0,0,0,0,0,1,0,0,0,0,0,0
784,0,25.0,7.05,0,0,1,0,0,1,0,1,1,0,0,0,0,0,0,1,0,0,0,0,0,0
785,0,25.0,7.25,0,0,1,0,0,1,0,1,1,0,0,0,0,0,0,1,0,0,0,0,0,0
786,1,18.0,7.4958,0,0,1,0,0,1,1,0,1,0,0,0,0,0,0,1,0,0,0,0,0,0
787,0,8.0,29.125,0,0,1,0,1,0,0,1,0,1,0,0,0,0,0,0,0,0,0,1,0,0
788,1,1.0,20.575,0,0,1,0,0,1,0,1,0,0,1,0,0,0,0,0,1,0,0,0,0,0
789,0,46.0,79.2,1,0,0,1,0,0,0,1,1,0,0,0,0,0,0,1,0,0,0,0,0,0
791,0,16.0,26.0,0,1,0,0,0,1,0,1,1,0,0,0,0,0,0,1,0,0,0,0,0,0
794,0,25.0,7.8958,0,0,1,0,0,1,0,1,1,0,0,0,0,0,0,1,0,0,0,0,0,0
795,0,39.0,13.0,0,1,0,0,0,1,0,1,1,0,0,0,0,0,0,1,0,0,0,0,0,0
796,1,49.0,25.9292,1,0,0,0,0,1,1,0,1,0,0,0,0,0,0,1,0,0,0,0,0,0
797,1,31.0,8.6833,0,0,1,0,0,1,1,0,1,0,0,0,0,0,0,1,0,0,0,0,0,0
798,0,30.0,7.2292,0,0,1,1,0,0,0,1,1,0,0,0,0,0,0,1,0,0,0,0,0,0
799,0,30.0,24.15,0,0,1,0,0,1,1,0,0,1,0,0,0,0,0,0,1,0,0,0,0,0
800,0,34.0,13.0,0,1,0,0,0,1,0,1,1,0,0,0,0,0,0,1,0,0,0,0,0,0
801,1,31.0,26.25,0,1,0,0,0,1,1,0,0,1,0,0,0,0,0,0,1,0,0,0,0,0
802,1,11.0,120.0,1,0,0,0,0,1,0,1,0,0,1,0,0,0,0,0,1,0,0,0,0,0
803,1,0.42,8.5167,0,0,1,1,0,0,0,1,0,1,0,0,0,0,0,1,0,0,0,0,0,0
804,1,27.0,6.975,0,0,1,0,0,1,0,1,1,0,0,0,0,0,0,1,0,0,0,0,0,0
805,0,31.0,7.775,0,0,1,0,0,1,0,1,1,0,0,0,0,0,0,1,0,0,0,0,0,0
806,0,39.0,0.0,1,0,0,0,0,1,0,1,1,0,0,0,0,0,0,1,0,0,0,0,0,0
807,0,18.0,7.775,0,0,1,0,0,1,1,0,1,0,0,0,0,0,0,1,0,0,0,0,0,0
808,0,39.0,13.0,0,1,0,0,0,1,0,1,1,0,0,0,0,0,0,1,0,0,0,0,0,0
809,1,33.0,53.1,1,0,0,0,0,1,1,0,1,0,0,0,0,0,0,0,1,0,0,0,0,0
810,0,26.0,7.8875,0,0,1,0,0,1,0,1,1,0,0,0,0,0,0,1,0,0,0,0,0,0
811,0,39.0,24.15,0,0,1,0,0,1,0,1,1,0,0,0,0,0,0,1,0,0,0,0,0,0
812,0,35.0,10.5,0,1,0,0,0,1,0,1,1,0,0,0,0,0,0,1,0,0,0,0,0,0
813,0,6.0,31.275,0,0,1,0,0,1,1,0,0,0,1,0,0,0,0,0,0,0,0,1,0,0
814,0,30.5,8.05,0,0,1,0,0,1,0,1,1,0,0,0,0,0,0,1,0,0,0,0,0,0
816,0,23.0,7.925,0,0,1,0,0,1,1,0,1,0,0,0,0,0,0,1,0,0,0,0,0,0
817,0,31.0,37.0042,0,1,0,1,0,0,0,1,0,1,0,0,0,0,0,0,1,0,0,0,0,0
818,0,43.0,6.45,0,0,1,0,0,1,0,1,1,0,0,0,0,0,0,1,0,0,0,0,0,0
819,0,10.0,27.9,0,0,1,0,0,1,0,1,0,0,1,0,0,0,0,0,0,0,1,0,0,0
820,1,52.0,93.5,1,0,0,0,0,1,1,0,0,1,0,0,0,0,0,0,1,0,0,0,0,0
821,1,27.0,8.6625,0,0,1,0,0,1,0,1,1,0,0,0,0,0,0,1,0,0,0,0,0,0
822,0,38.0,0.0,1,0,0,0,0,1,0,1,1,0,0,0,0,0,0,1,0,0,0,0,0,0
823,1,27.0,12.475,0,0,1,0,0,1,1,0,0,1,0,0,0,0,0,1,0,0,0,0,0,0
824,0,2.0,39.6875,0,0,1,0,0,1,0,1,0,1,0,0,0,0,0,0,0,0,0,1,0,0
827,1,1.0,37.0042,0,1,0,1,0,0,0,1,0,0,1,0,0,0,0,1,0,0,0,0,0,0
829,1,62.0,80.0,1,0,0,0,0,0,1,0,1,0,0,0,0,0,0,1,0,0,0,0,0,0
830,1,15.0,14.4542,0,0,1,1,0,0,1,0,1,0,0,0,0,0,0,0,1,0,0,0,0,0
831,1,0.83,18.75,0,1,0,0,0,1,0,1,0,1,0,0,0,0,0,0,1,0,0,0,0,0
833,0,23.0,7.8542,0,0,1,0,0,1,0,1,1,0,0,0,0,0,0,1,0,0,0,0,0,0
834,0,18.0,8.3,0,0,1,0,0,1,0,1,1,0,0,0,0,0,0,1,0,0,0,0,0,0
835,1,39.0,83.1583,1,0,0,1,0,0,1,0,0,1,0,0,0,0,0,0,1,0,0,0,0,0
836,0,21.0,8.6625,0,0,1,0,0,1,0,1,1,0,0,0,0,0,0,1,0,0,0,0,0,0
838,1,32.0,56.4958,0,0,1,0,0,1,0,1,1,0,0,0,0,0,0,1,0,0,0,0,0,0
840,0,20.0,7.925,0,0,1,0,0,1,0,1,1,0,0,0,0,0,0,1,0,0,0,0,0,0
841,0,16.0,10.5,0,1,0,0,0,1,0,1,1,0,0,0,0,0,0,1,0,0,0,0,0,0
842,1,30.0,31.0,1,0,0,1,0,0,1,0,1,0,0,0,0,0,0,1,0,0,0,0,0,0
843,0,34.5,6.4375,0,0,1,1,0,0,0,1,1,0,0,0,0,0,0,1,0,0,0,0,0,0
844,0,17.0,8.6625,0,0,1,0,0,1,0,1,1,0,0,0,0,0,0,1,0,0,0,0,0,0
845,0,42.0,7.55,0,0,1,0,0,1,0,1,1,0,0,0,0,0,0,1,0,0,0,0,0,0
847,0,35.0,7.8958,0,0,1,1,0,0,0,1,1,0,0,0,0,0,0,1,0,0,0,0,0,0
848,0,28.0,33.0,0,1,0,0,0,1,0,1,0,1,0,0,0,0,0,1,0,0,0,0,0,0
850,0,4.0,31.275,0,0,1,0,0,1,0,1,0,0,1,0,0,0,0,0,0,0,0,1,0,0
851,0,74.0,7.775,0,0,1,0,0,1,0,1,1,0,0,0,0,0,0,1,0,0,0,0,0,0
852,0,9.0,15.2458,0,0,1,1,0,0,1,0,0,1,0,0,0,0,0,0,1,0,0,0,0,0
853,1,16.0,39.4,1,0,0,0,0,1,1,0,0,1,0,0,0,0,0,1,0,0,0,0,0,0
854,0,44.0,26.0,0,1,0,0,0,1,1,0,1,0,0,0,0,0,0,0,1,0,0,0,0,0
855,1,18.0,9.35,0,0,1,0,0,1,1,0,0,1,0,0,0,0,0,1,0,0,0,0,0,0
856,1,45.0,164.8667,1,0,0,0,0,1,1,0,0,1,0,0,0,0,0,0,1,0,0,0,0,0
857,1,51.0,26.55,1,0,0,0,0,1,0,1,1,0,0,0,0,0,0,1,0,0,0,0,0,0
858,1,24.0,19.2583,0,0,1,1,0,0,1,0,0,0,0,1,0,0,0,1,0,0,0,0,0,0
860,0,41.0,14.1083,0,0,1,0,0,1,0,1,1,0,0,0,0,0,0,0,0,1,0,0,0,0
861,0,21.0,11.5,0,1,0,0,0,1,0,1,1,0,0,0,0,0,0,0,1,0,0,0,0,0
862,1,48.0,25.9292,1,0,0,0,0,1,1,0,1,0,0,0,0,0,0,1,0,0,0,0,0,0
864,0,24.0,13.0,0,1,0,0,0,1,0,1,1,0,0,0,0,0,0,1,0,0,0,0,0,0
865,1,42.0,13.0,0,1,0,0,0,1,1,0,1,0,0,0,0,0,0,1,0,0,0,0,0,0
866,1,27.0,13.8583,0,1,0,1,0,0,1,0,1,0,0,0,0,0,0,0,1,0,0,0,0,0
867,0,31.0,50.4958,1,0,0,0,0,1,0,1,1,0,0,0,0,0,0,1,0,0,0,0,0,0
869,1,4.0,11.1333,0,0,1,0,0,1,0,1,0,1,0,0,0,0,0,0,1,0,0,0,0,0
870,0,26.0,7.8958,0,0,1,0,0,1,0,1,1,0,0,0,0,0,0,1,0,0,0,0,0,0
871,1,47.0,52.5542,1,0,0,0,0,1,1,0,0,1,0,0,0,0,0,0,1,0,0,0,0,0
872,0,33.0,5.0,1,0,0,0,0,1,0,1,1,0,0,0,0,0,0,1,0,0,0,0,0,0
873,0,47.0,9.0,0,0,1,0,0,1,0,1,1,0,0,0,0,0,0,1,0,0,0,0,0,0
874,1,28.0,24.0,0,1,0,1,0,0,1,0,1,0,0,0,0,0,0,0,1,0,0,0,0,0
875,1,15.0,7.225,0,0,1,1,0,0,1,0,1,0,0,0,0,0,0,1,0,0,0,0,0,0
876,0,20.0,9.8458,0,0,1,0,0,1,0,1,1,0,0,0,0,0,0,1,0,0,0,0,0,0
877,0,19.0,7.8958,0,0,1,0,0,1,0,1,1,0,0,0,0,0,0,1,0,0,0,0,0,0
879,1,56.0,83.1583,1,0,0,1,0,0,1,0,0,1,0,0,0,0,0,1,0,0,0,0,0,0
880,1,25.0,26.0,0,1,0,0,0,1,1,0,0,1,0,0,0,0,0,1,0,0,0,0,0,0
881,0,33.0,7.8958,0,0,1,0,0,1,0,1,1,0,0,0,0,0,0,1,0,0,0,0,0,0
882,0,22.0,10.5167,0,0,1,0,0,1,1,0,1,0,0,0,0,0,0,1,0,0,0,0,0,0
883,0,28.0,10.5,0,1,0,0,0,1,0,1,1,0,0,0,0,0,0,1,0,0,0,0,0,0
884,0,25.0,7.05,0,0,1,0,0,1,0,1,1,0,0,0,0,0,0,1,0,0,0,0,0,0
885,0,39.0,29.125,0,0,1,0,1,0,1,0,0,0,0,0,0,1,0,1,0,0,0,0,0,0
886,0,27.0,13.0,0,1,0,0,0,1,0,1,1,0,0,0,0,0,0,1,0,0,0,0,0,0
887,1,19.0,30.0,1,0,0,0,0,1,1,0,1,0,0,0,0,0,0,1,0,0,0,0,0,0
889,1,26.0,30.0,1,0,0,1,0,0,0,1,1,0,0,0,0,0,0,1,0,0,0,0,0,0
890,0,32.0,7.75,0,0,1,0,1,0,0,1,1,0,0,0,0,0,0,1,0,0,0,0,0,0
